title,price_gbp
Vagabonding: An Uncommon Guide to the Art of Long-Term World Travel,36.94
Under the Tuscan Sun,37.33
The Great Railway Bazaar,30.54
The Road to Little Dribbling: Adventures of an American in Britain (Notes From a Small Island #2),23.21
Neither Here nor There: Travels in Europe,38.95
"1,000 Places to See Before You Die",26.08
Poisonous (Max Revere Novels #3),26.8
Most Wanted,35.28
The Widow,27.26
What Happened on Beale Street (Secrets of the South Mysteries #2),25.37
Delivering the Truth (Quaker Midwife Mystery #1),20.89
The Mysterious Affair at Styles (Hercule Poirot #1),24.8
In the Woods (Dublin Murder Squad #1),38.38
The Silkworm (Cormoran Strike #2),23.05
Extreme Prey (Lucas Davenport #26),25.4
Career of Evil (Cormoran Strike #3),24.72
Blood Defense (Samantha Brinkman #1),20.3
Forever and Forever: The Courtship of Henry Longfellow and Fanny Appleton,29.69
The House by the Lake,36.95
Mrs. Houdini,30.25
The Marriage of Opposites,28.08
"Love, Lies and Spies",20.55
A Paris Apartment,39.01
The Invention of Wings,37.34
World Without End (The Pillars of the Earth #2),32.97
The Passion of Dolssa,28.32
Girl With a Pearl Earring,26.77
Voyager (Outlander #3),21.07
The Red Tent,35.66
Between Shades of Gray,20.79
The Secret Healer,34.56
Starlark,25.83
Lost Among the Living,27.7
